{"region_intensity": {"baseline": [0.932895412085451, 0.8844265319584208, 0.965103460150205, 0.8646541346233959, 0.9741362467297644, 0.8481651586093905, 0.9119293099701034, 1.0075483220136527, 0.857271144552336, 0.8702434436058121, 0.8217205535780314, 0.8034541702903951, 0.7878469044997288, 0.9560391066624757, 0.9249565364109456, 0.8591138471880143, 0.813637472826832, 0.775731989606214, 0.8424972652716551, 0.8704714565333154, 0.8314068329761629, 0.5856646601600769, 0.8886604511931876, 0.9376271501521465, 0.772811593757997, 0.93166049211361, 0.8887019519775746, 0.8386781937843028, 0.8704866317503996, 0.8281193954480405, 0.9010552786816831, 0.8117738541116586, 0.8799337789528655, 0.8993729231863444, 0.818440169280398, 0.8780816654520469, 0.8314922831258638, 0.7875282399351359, 0.8254169951019906, 0.8271594915881646, 0.8274869792276477, 0.8344169838762608, 0.8603499845307284, 0.8440838185257866, 0.8310746528219934, 0.8723566872127759, 0.8633021739512404, 0.9610044137660873, 0.8791335886173046, 0.8044300883348559, 0.8219508653326771, 0.9701800635682301, 0.7886751129667363, 0.8834516889551313, 0.8534437530491373, 0.8019691241646538, 0.8022073850154239, 0.8216663392722338, 0.9540811480328881, 0.8518624629190864, 0.9093722868418954, 0.7850465978377362, 0.948597109978297, 0.7426625511758503, 0.9542558690762134, 0.7887509678812733, 0.8950209108420998, 0.8693694299966377, 0.8557849676057123, 0.8658433597576046, 0.6952890387057874, 0.9499661008001015, 0.987196066247085, 0.8468385405873584, 0.8677907418110071, 0.7522700434660622], "optimized": [0.8298046135100368, 0.8152785599146148, 0.012279291199295666, 0.8110474103494596, 0.0461449461948254, 0.871393433583228, 0.0636943448428114, 0.002047586341468116, 0.04051826036186692, 0.6419507645750173, 0.9087770088921175, 0.8268745247689743, 0.34515453173922034, 0.0334476457255778, 0.060572363621458826, 0.8373861486919049, 0.0076888640618033325, 0.011492386945135607, 0.004627440275883276, 0.005024483522644153, 0.005936349115005287, 0.8688224430385502, 0.9062601813293503, 0.910066927122428, 0.008058923899771813, 0.8960378147336381, 0.9028817631516339, 0.04479970800664891, 0.003681215937197173, 0.9358924907560671, 0.061388179579375715, 0.0076137284866075235, 0.010368124106958296, 0.04901004383039198, 0.005545826883667864, 0.050764510284188456, 0.8056932539131254, 0.027483221110008307, 0.7991385088415435, 0.05270002983752223, 0.06128507512799963, 0.030606141491226917, 0.01837376589732426, 0.7117180405303508, 0.011265000276434218, 0.8620724063441357, 0.01592247383957176, 0.053856070041295966, 0.006324916707890157, 0.7669737374054034, 0.897632007791051, 0.0181752268837357, 0.9411301215044698, 0.0045808352126047655, 0.8473722739742996, 0.009350513913908308, 0.9129260663196601, 0.006111797249975725, 0.05470795874469313, 0.009543870894048819, 0.058562117159062656, 0.6324680889306418, 0.8536293979749652, 0.0698803647406285, 0.06045731668756098, 0.855224558245553, 0.0310516175776739, 0.7108373445530655, 0.8702118272416505, 0.05397453949616925, 0.012755806261498285, 0.8049487637393121, 0.69125882676868, 0.01347452881148725, 0.07079256779794871, 0.018020780428609155]}, "patient_rewards": {"baseline": [-0.4468, -0.4953, -0.4275, -0.5285, -0.4038], "optimized": [-0.2847, -0.2608, -0.2786, -0.2769, -0.2702]}}